{
  "model": "EfficientNet-B3 + Mean Pooling",
  "thresholds": {
    "NCR": 0.5,
    "ED": 0.5,
    "ET": 0.4
  },
  "accuracy": 0.9821428571428571,
  "auroc": {
    "NCR": null,
    "ED": null,
    "ET": 0.6415094339622641
  },
  "macro_auroc": 0.6415094339622641,
  "log_loss": {
    "NCR": 0.08662173564529152,
    "ED": 0.07990702684011888,
    "ET": 0.7663212196575167
  },
  "mean_log_loss": 0.31094999404764234,
  "all_probs": [
    [
      0.947265625,
      0.96435546875,
      0.464599609375
    ],
    [
      0.900390625,
      0.8974609375,
      0.461181640625
    ],
    [
      0.9306640625,
      0.93994140625,
      0.461181640625
    ],
    [
      0.96240234375,
      0.9814453125,
      0.4580078125
    ],
    [
      0.90673828125,
      0.921875,
      0.4599609375
    ],
    [
      0.9365234375,
      0.953125,
      0.4609375
    ],
    [
      0.8818359375,
      0.8984375,
      0.458251953125
    ],
    [
      0.9580078125,
      0.97802734375,
      0.45947265625
    ],
    [
      0.884765625,
      0.86572265625,
      0.46630859375
    ],
    [
      0.9365234375,
      0.94970703125,
      0.464599609375
    ],
    [
      0.94140625,
      0.9560546875,
      0.459228515625
    ],
    [
      0.8916015625,
      0.8984375,
      0.462890625
    ],
    [
      0.91552734375,
      0.92919921875,
      0.4638671875
    ],
    [
      0.970703125,
      0.98779296875,
      0.45703125
    ],
    [
      0.96826171875,
      0.98486328125,
      0.458984375
    ],
    [
      0.921875,
      0.9365234375,
      0.460693359375
    ],
    [
      0.93408203125,
      0.96337890625,
      0.458740234375
    ],
    [
      0.89990234375,
      0.92041015625,
      0.46240234375
    ],
    [
      0.7890625,
      0.7216796875,
      0.463134765625
    ],
    [
      0.94677734375,
      0.9658203125,
      0.458251953125
    ],
    [
      0.94482421875,
      0.962890625,
      0.46240234375
    ],
    [
      0.8427734375,
      0.82177734375,
      0.458984375
    ],
    [
      0.951171875,
      0.97265625,
      0.459228515625
    ],
    [
      0.90185546875,
      0.91552734375,
      0.46044921875
    ],
    [
      0.92333984375,
      0.9287109375,
      0.460693359375
    ],
    [
      0.978515625,
      0.99267578125,
      0.455810546875
    ],
    [
      0.88818359375,
      0.89208984375,
      0.459716796875
    ],
    [
      0.94775390625,
      0.96484375,
      0.460205078125
    ],
    [
      0.76806640625,
      0.7158203125,
      0.4638671875
    ],
    [
      0.8740234375,
      0.85302734375,
      0.46484375
    ],
    [
      0.88720703125,
      0.865234375,
      0.46435546875
    ],
    [
      0.90576171875,
      0.90966796875,
      0.463623046875
    ],
    [
      0.97021484375,
      0.98583984375,
      0.4599609375
    ],
    [
      0.95849609375,
      0.9765625,
      0.460205078125
    ],
    [
      0.84423828125,
      0.8095703125,
      0.4619140625
    ],
    [
      0.97119140625,
      0.98681640625,
      0.458251953125
    ],
    [
      0.884765625,
      0.8818359375,
      0.463134765625
    ],
    [
      0.96435546875,
      0.98046875,
      0.458984375
    ],
    [
      0.94921875,
      0.9736328125,
      0.4599609375
    ],
    [
      0.955078125,
      0.9755859375,
      0.45654296875
    ],
    [
      0.89404296875,
      0.9091796875,
      0.4599609375
    ],
    [
      0.87353515625,
      0.86669921875,
      0.45849609375
    ],
    [
      0.92041015625,
      0.9365234375,
      0.458984375
    ],
    [
      0.94580078125,
      0.96533203125,
      0.45849609375
    ],
    [
      0.9638671875,
      0.98486328125,
      0.455810546875
    ],
    [
      0.86669921875,
      0.8408203125,
      0.462158203125
    ],
    [
      0.93115234375,
      0.9482421875,
      0.4619140625
    ],
    [
      0.87841796875,
      0.88134765625,
      0.4638671875
    ],
    [
      0.9248046875,
      0.939453125,
      0.4599609375
    ],
    [
      0.93798828125,
      0.96142578125,
      0.46240234375
    ],
    [
      0.9384765625,
      0.9560546875,
      0.4609375
    ],
    [
      0.95068359375,
      0.97119140625,
      0.45654296875
    ],
    [
      0.953125,
      0.96630859375,
      0.46533203125
    ],
    [
      0.87744140625,
      0.87744140625,
      0.46142578125
    ],
    [
      0.865234375,
      0.85986328125,
      0.460205078125
    ],
    [
      0.9580078125,
      0.9775390625,
      0.460693359375
    ]
  ],
  "all_preds": [
    [
      1,
      1,
      1
    ],
    [
      1,
      1,
      1
    ],
    [
      1,
      1,
      1
    ],
    [
      1,
      1,
      1
    ],
    [
      1,
      1,
      1
    ],
    [
      1,
      1,
      1
    ],
    [
      1,
      1,
      1
    ],
    [
      1,
      1,
      1
    ],
    [
      1,
      1,
      1
    ],
    [
      1,
      1,
      1
    ],
    [
      1,
      1,
      1
    ],
    [
      1,
      1,
      1
    ],
    [
      1,
      1,
      1
    ],
    [
      1,
      1,
      1
    ],
    [
      1,
      1,
      1
    ],
    [
      1,
      1,
      1
    ],
    [
      1,
      1,
      1
    ],
    [
      1,
      1,
      1
    ],
    [
      1,
      1,
      1
    ],
    [
      1,
      1,
      1
    ],
    [
      1,
      1,
      1
    ],
    [
      1,
      1,
      1
    ],
    [
      1,
      1,
      1
    ],
    [
      1,
      1,
      1
    ],
    [
      1,
      1,
      1
    ],
    [
      1,
      1,
      1
    ],
    [
      1,
      1,
      1
    ],
    [
      1,
      1,
      1
    ],
    [
      1,
      1,
      1
    ],
    [
      1,
      1,
      1
    ],
    [
      1,
      1,
      1
    ],
    [
      1,
      1,
      1
    ],
    [
      1,
      1,
      1
    ],
    [
      1,
      1,
      1
    ],
    [
      1,
      1,
      1
    ],
    [
      1,
      1,
      1
    ],
    [
      1,
      1,
      1
    ],
    [
      1,
      1,
      1
    ],
    [
      1,
      1,
      1
    ],
    [
      1,
      1,
      1
    ],
    [
      1,
      1,
      1
    ],
    [
      1,
      1,
      1
    ],
    [
      1,
      1,
      1
    ],
    [
      1,
      1,
      1
    ],
    [
      1,
      1,
      1
    ],
    [
      1,
      1,
      1
    ],
    [
      1,
      1,
      1
    ],
    [
      1,
      1,
      1
    ],
    [
      1,
      1,
      1
    ],
    [
      1,
      1,
      1
    ],
    [
      1,
      1,
      1
    ],
    [
      1,
      1,
      1
    ],
    [
      1,
      1,
      1
    ],
    [
      1,
      1,
      1
    ],
    [
      1,
      1,
      1
    ],
    [
      1,
      1,
      1
    ]
  ],