{
  "model": "Swin-T + MIL Attention Pooling",
  "thresholds": {
    "NCR": 0.5,
    "ED": 0.5,
    "ET": 0.5
  },
  "accuracy": 0.9821428571428571,
  "macro_precision": 0.9821428571428571,
  "macro_recall": 1.0,
  "macro_f1": 0.9908256880733944,
  "auroc": {
    "NCR": null,
    "ED": 0.7610062893081762,
    "ET": null
  },
  "macro_auroc": 0.7610062893081762,
  "log_loss": {
    "NCR": 0.45111521375009705,
    "ED": 0.19757152082206647,
    "ET": 0.3253868869906329
  },
  "mean_log_loss": 0.3246912071875988,
  "all_probs": [
    [
      0.56396484375,
      0.947265625,
      0.6728515625
    ],
    [
      0.677734375,
      0.97802734375,
      0.7373046875
    ],
    [
      0.65283203125,
      0.97998046875,
      0.748046875
    ],
    [
      0.68798828125,
      0.9775390625,
      0.76904296875
    ],
    [
      0.67041015625,
      0.97314453125,
      0.71728515625
    ],
    [
      0.5966796875,
      0.962890625,
      0.7138671875
    ],
    [
      0.68408203125,
      0.97802734375,
      0.7431640625
    ],
    [
      0.65087890625,
      0.97607421875,
      0.73388671875
    ],
    [
      0.576171875,
      0.94189453125,
      0.68994140625
    ],
    [
      0.6796875,
      0.97705078125,
      0.73974609375
    ],
    [
      0.59228515625,
      0.9677734375,
      0.7236328125
    ],
    [
      0.68212890625,
      0.9775390625,
      0.73583984375
    ],
    [
      0.6591796875,
      0.95849609375,
      0.72412109375
    ],
    [
      0.68505859375,
      0.98046875,
      0.7568359375
    ],
    [
      0.66064453125,
      0.970703125,
      0.71630859375
    ],
    [
      0.6142578125,
      0.9326171875,
      0.69287109375
    ],
    [
      0.685546875,
      0.97802734375,
      0.73779296875
    ],
    [
      0.64013671875,
      0.958984375,
      0.7060546875
    ],
    [
      0.513671875,
      0.916015625,
      0.62890625
    ],
    [
      0.64892578125,
      0.9755859375,
      0.73388671875
    ],
    [
      0.65966796875,
      0.97412109375,
      0.73095703125
    ],
    [
      0.66650390625,
      0.95068359375,
      0.72412109375
    ],
    [
      0.66796875,
      0.9775390625,
      0.73291015625
    ],
    [
      0.53955078125,
      0.9619140625,
      0.6962890625
    ],
    [
      0.6650390625,
      0.9609375,
      0.716796875
    ],
    [
      0.60302734375,
      0.93994140625,
      0.71826171875
    ],
    [
      0.6259765625,
      0.9580078125,
      0.71142578125
    ],
    [
      0.64013671875,
      0.96484375,
      0.74609375
    ],
    [
      0.60693359375,
      0.97314453125,
      0.7138671875
    ],
    [
      0.63232421875,
      0.9560546875,
      0.6796875
    ],
    [
      0.658203125,
      0.97509765625,
      0.7236328125
    ],
    [
      0.6611328125,
      0.9697265625,
      0.70458984375
    ],
    [
      0.66064453125,
      0.97509765625,
      0.72900390625
    ],
    [
      0.56640625,
      0.93310546875,
      0.669921875
    ],
    [
      0.63623046875,
      0.97509765625,
      0.73681640625
    ],
    [
      0.6650390625,
      0.9775390625,
      0.7333984375
    ],
    [
      0.65576171875,
      0.97607421875,
      0.72900390625
    ],
    [
      0.66357421875,
      0.97705078125,
      0.7314453125
    ],
    [
      0.693359375,
      0.96240234375,
      0.7158203125
    ],
    [
      0.56298828125,
      0.9541015625,
      0.705078125
    ],
    [
      0.5869140625,
      0.95361328125,
      0.70751953125
    ],
    [
      0.54833984375,
      0.9150390625,
      0.68798828125
    ],
    [
      0.66943359375,
      0.97705078125,
      0.7314453125
    ],
    [
      0.6318359375,
      0.97216796875,
      0.74609375
    ],
    [
      0.6630859375,
      0.978515625,
      0.75048828125
    ],
    [
      0.6708984375,
      0.97705078125,
      0.73046875
    ],
    [
      0.66064453125,
      0.978515625,
      0.7333984375
    ],
    [
      0.67431640625,
      0.97900390625,
      0.74462890625
    ],
    [
      0.6689453125,
      0.98046875,
      0.75439453125
    ],
    [
      0.64453125,
      0.966796875,
      0.73095703125
    ],
    [
      0.6474609375,
      0.9736328125,
      0.7353515625
    ],
    [
      0.62451171875,
      0.95654296875,
      0.7529296875
    ],
    [
      0.64453125,
      0.96142578125,
      0.7080078125
    ],
    [
      0.59423828125,
      0.953125,
      0.70556640625
    ],
    [
      0.6298828125,
      0.970703125,
      0.7431640625
    ],
    [
      0.634765625,
      0.96435546875,
      0.73681640625
    ]
  ],
  "all_preds": [
    [
      1,
      1,
      1
    ],
    [
      1,
      1,
      1
    ],
    [
      1,
      1,
      1
    ],
    [
      1,
      1,
      1
    ],
    [
      1,
      1,
      1
    ],
    [
      1,
      1,
      1
    ],
    [
      1,
      1,
      1
    ],
    [
      1,
      1,
      1
    ],
    [
      1,
      1,
      1
    ],
    [
      1,
      1,
      1
    ],
    [
      1,
      1,
      1
    ],
    [
      1,
      1,
      1
    ],
    [
      1,
      1,
      1
    ],
    [
      1,
      1,
      1
    ],
    [
      1,
      1,
      1
    ],
    [
      1,
      1,
      1
    ],
    [
      1,
      1,
      1
    ],
    [
      1,
      1,
      1
    ],
    [
      1,
      1,
      1
    ],
    [
      1,
      1,
      1
    ],
    [
      1,
      1,
      1
    ],
    [
      1,
      1,
      1
    ],
    [
      1,
      1,
      1
    ],
    [
      1,
      1,
      1
    ],
    [
      1,
      1,
      1
    ],
    [
      1,
      1,
      1
    ],
    [
      1,
      1,
      1
    ],
    [
      1,
      1,
      1
    ],
    [
      1,
      1,
      1
    ],
    [
      1,
      1,
      1
    ],
    [
      1,
      1,
      1
    ],
    [
      1,
      1,
      1
    ],
    [
      1,
      1,
      1
    ],
    [
      1,
      1,
      1
    ],
    [
      1,
      1,
      1
    ],
    [
      1,
      1,
      1
    ],
    [
      1,
      1,
      1
    ],
    [
      1,
      1,
      1
    ],
    [
      1,
      1,
      1
    ],
    [
      1,
      1,
      1
    ],
    [
      1,
      1,
      1
    ],
    [
      1,
      1,
      1
    ],
    [
      1,
      1,
      1
    ],
    [
      1,
      1,
      1
    ],
    [
      1,
      1,
      1
    ],
    [
      1,
      1,
      1
    ],
    [
      1,
      1,
      1
    ],
    [
      1,
      1,
      1
    ],
    [
      1,
      1,
      1
    ],
    [
      1,
      1,
      1
    ],
    [
      1,
      1,
      1
    ],
    [
      1,
      1,
      1
    ],
    [
      1,
      1,
      1
    ],
    [
      1,
      1,
      1
    ],
    [
      1,
      1,
      1
    ],
    [
      1,
      1,
      1
    ]
  ],