{
  "model": "Swin-T + MIL Attention Pooling",
  "thresholds": {
    "NCR": 0.5,
    "ED": 0.5,
    "ET": 0.5
  },
  "accuracy": 0.9821428571428571,
  "macro_precision": 0.9821428571428571,
  "macro_recall": 1.0,
  "macro_f1": 0.9908256880733944,
  "auroc": {
    "NCR": null,
    "ED": null,
    "ET": 0.6981132075471699
  },
  "macro_auroc": 0.6981132075471699,
  "log_loss": {
    "NCR": 0.43217345729214346,
    "ED": 0.25946917569865297,
    "ET": 0.20357978745675726
  },
  "mean_log_loss": 0.2984074734825179,
  "all_probs": [
    [
      0.62744140625,
      0.6474609375,
      0.91845703125
    ],
    [
      0.67333984375,
      0.82568359375,
      0.97265625
    ],
    [
      0.626953125,
      0.7890625,
      0.9677734375
    ],
    [
      0.6171875,
      0.7734375,
      0.96044921875
    ],
    [
      0.6650390625,
      0.78955078125,
      0.96923828125
    ],
    [
      0.6513671875,
      0.75,
      0.95654296875
    ],
    [
      0.64013671875,
      0.8203125,
      0.9755859375
    ],
    [
      0.58544921875,
      0.7685546875,
      0.9658203125
    ],
    [
      0.658203125,
      0.78564453125,
      0.94580078125
    ],
    [
      0.62744140625,
      0.8037109375,
      0.97216796875
    ],
    [
      0.6962890625,
      0.744140625,
      0.94677734375
    ],
    [
      0.60302734375,
      0.7880859375,
      0.97412109375
    ],
    [
      0.65869140625,
      0.7734375,
      0.9296875
    ],
    [
      0.66357421875,
      0.81884765625,
      0.974609375
    ],
    [
      0.63232421875,
      0.763671875,
      0.94482421875
    ],
    [
      0.6513671875,
      0.69287109375,
      0.9345703125
    ],
    [
      0.6591796875,
      0.8173828125,
      0.9736328125
    ],
    [
      0.69482421875,
      0.80322265625,
      0.96630859375
    ],
    [
      0.640625,
      0.681640625,
      0.943359375
    ],
    [
      0.5673828125,
      0.79150390625,
      0.96826171875
    ],
    [
      0.62158203125,
      0.810546875,
      0.9736328125
    ],
    [
      0.78515625,
      0.77099609375,
      0.8828125
    ],
    [
      0.62646484375,
      0.8115234375,
      0.97412109375
    ],
    [
      0.6591796875,
      0.70654296875,
      0.94921875
    ],
    [
      0.75927734375,
      0.734375,
      0.94091796875
    ],
    [
      0.65966796875,
      0.60986328125,
      0.91064453125
    ],
    [
      0.7197265625,
      0.7041015625,
      0.904296875
    ],
    [
      0.7314453125,
      0.76904296875,
      0.91748046875
    ],
    [
      0.64208984375,
      0.7998046875,
      0.96484375
    ],
    [
      0.64306640625,
      0.77734375,
      0.95947265625
    ],
    [
      0.6025390625,
      0.75244140625,
      0.96826171875
    ],
    [
      0.60546875,
      0.796875,
      0.9697265625
    ],
    [
      0.59228515625,
      0.79345703125,
      0.970703125
    ],
    [
      0.64453125,
      0.78271484375,
      0.95458984375
    ],
    [
      0.67431640625,
      0.7939453125,
      0.96435546875
    ],
    [
      0.6181640625,
      0.80078125,
      0.97265625
    ],
    [
      0.630859375,
      0.80810546875,
      0.97314453125
    ],
    [
      0.6376953125,
      0.814453125,
      0.97412109375
    ],
    [
      0.73486328125,
      0.71923828125,
      0.919921875
    ],
    [
      0.65478515625,
      0.8037109375,
      0.96240234375
    ],
    [
      0.72412109375,
      0.77734375,
      0.947265625
    ],
    [
      0.71533203125,
      0.7421875,
      0.9169921875
    ],
    [
      0.63720703125,
      0.81298828125,
      0.97265625
    ],
    [
      0.6630859375,
      0.75830078125,
      0.9580078125
    ],
    [
      0.5966796875,
      0.80712890625,
      0.97216796875
    ],
    [
      0.62109375,
      0.8017578125,
      0.9697265625
    ],
    [
      0.61376953125,
      0.80078125,
      0.9697265625
    ],
    [
      0.65771484375,
      0.8251953125,
      0.97216796875
    ],
    [
      0.67236328125,
      0.8330078125,
      0.97119140625
    ],
    [
      0.60400390625,
      0.77734375,
      0.96875
    ],
    [
      0.62548828125,
      0.73681640625,
      0.95458984375
    ],
    [
      0.6025390625,
      0.71044921875,
      0.93310546875
    ],
    [
      0.68603515625,
      0.8330078125,
      0.97119140625
    ],
    [
      0.59423828125,
      0.70361328125,
      0.9306640625
    ],
    [
      0.70556640625,
      0.8154296875,
      0.958984375
    ],
    [
      0.62939453125,
      0.76220703125,
      0.953125
    ]
  ],
  "all_preds": [
    [
      1,
      1,
      1
    ],
    [
      1,
      1,
      1
    ],
    [
      1,
      1,
      1
    ],
    [
      1,
      1,
      1
    ],
    [
      1,
      1,
      1
    ],
    [
      1,
      1,
      1
    ],
    [
      1,
      1,
      1
    ],
    [
      1,
      1,
      1
    ],
    [
      1,
      1,
      1
    ],
    [
      1,
      1,
      1
    ],
    [
      1,
      1,
      1
    ],
    [
      1,
      1,
      1
    ],
    [
      1,
      1,
      1
    ],
    [
      1,
      1,
      1
    ],
    [
      1,
      1,
      1
    ],
    [
      1,
      1,
      1
    ],
    [
      1,
      1,
      1
    ],
    [
      1,
      1,
      1
    ],
    [
      1,
      1,
      1
    ],
    [
      1,
      1,
      1
    ],
    [
      1,
      1,
      1
    ],
    [
      1,
      1,
      1
    ],
    [
      1,
      1,
      1
    ],
    [
      1,
      1,
      1
    ],
    [
      1,
      1,
      1
    ],
    [
      1,
      1,
      1
    ],
    [
      1,
      1,
      1
    ],
    [
      1,
      1,
      1
    ],
    [
      1,
      1,
      1
    ],
    [
      1,
      1,
      1
    ],
    [
      1,
      1,
      1
    ],
    [
      1,
      1,
      1
    ],
    [
      1,
      1,
      1
    ],
    [
      1,
      1,
      1
    ],
    [
      1,
      1,
      1
    ],
    [
      1,
      1,
      1
    ],
    [
      1,
      1,
      1
    ],
    [
      1,
      1,
      1
    ],
    [
      1,
      1,
      1
    ],
    [
      1,
      1,
      1
    ],
    [
      1,
      1,
      1
    ],
    [
      1,
      1,
      1
    ],
    [
      1,
      1,
      1
    ],
    [
      1,
      1,
      1
    ],
    [
      1,
      1,
      1
    ],
    [
      1,
      1,
      1
    ],
    [
      1,
      1,
      1
    ],
    [
      1,
      1,
      1
    ],
    [
      1,
      1,
      1
    ],
    [
      1,
      1,
      1
    ],
    [
      1,
      1,
      1
    ],
    [
      1,
      1,
      1
    ],
    [
      1,
      1,
      1
    ],
    [
      1,
      1,
      1
    ],
    [
      1,
      1,
      1
    ],
    [
      1,
      1,
      1
    ]
  ],