{
    "model": "Swin-T + Temporal Transformer",
    "thresholds": {
        "NCR": 0.5,
        "ED": 0.5,
        "ET": 0.5
    },
    "accuracy": 0.6845238095238095,
    "macro_f1": 0.6666666666666666,
    "micro_f1": 0.8086642599277978,
    "auroc": {
        "NCR": null,
        "ED": null,
        "ET": 0.8238993710691824
    },
    "log_loss": {
        "NCR": null,
        "ED": null,
        "ET": 0.7773309736586739
    },
    "per_class": {
        "NCR": {
            "precision": 1.0,
            "recall": 1.0,
            "f1": 1.0
        },
        "ED": {
            "precision": 1.0,
            "recall": 1.0,
            "f1": 1.0
        },
        "ET": {
            "precision": 0.0,
            "recall": 0.0,
            "f1": 0.0
        }
    },
    "all_probs": [
        [
            0.7705078125,
            0.6318359375,
            0.45556640625
        ],
        [
            0.76904296875,
            0.6318359375,
            0.455078125
        ],
        [
            0.76904296875,
            0.63232421875,
            0.455078125
        ],
        [
            0.77001953125,
            0.6328125,
            0.455810546875
        ],
        [
            0.76953125,
            0.63232421875,
            0.455322265625
        ],
        [
            0.76953125,
            0.6318359375,
            0.455322265625
        ],
        [
            0.76953125,
            0.6318359375,
            0.45458984375
        ],
        [
            0.76904296875,
            0.63134765625,
            0.454833984375
        ],
        [
            0.76953125,
            0.63232421875,
            0.455322265625
        ],
        [
            0.7705078125,
            0.6328125,
            0.4560546875
        ],
        [
            0.76953125,
            0.63134765625,
            0.45458984375
        ],
        [
            0.76953125,
            0.6318359375,
            0.45458984375
        ],
        [
            0.76953125,
            0.6318359375,
            0.455078125
        ],
        [
            0.76953125,
            0.63232421875,
            0.455322265625
        ],
        [
            0.77001953125,
            0.6318359375,
            0.455078125
        ],
        [
            0.7705078125,
            0.6318359375,
            0.455322265625
        ],
        [
            0.76953125,
            0.6318359375,
            0.455078125
        ],
        [
            0.76953125,
            0.6318359375,
            0.454833984375
        ],
        [
            0.77001953125,
            0.630859375,
            0.455322265625
        ],
        [
            0.76953125,
            0.63232421875,
            0.455810546875
        ],
        [
            0.76953125,
            0.630859375,
            0.455078125
        ],
        [
            0.76904296875,
            0.6318359375,
            0.455078125
        ],
        [
            0.76953125,
            0.6318359375,
            0.45556640625
        ],
        [
            0.76904296875,
            0.6318359375,
            0.45458984375
        ],
        [
            0.76953125,
            0.6318359375,
            0.455322265625
        ],
        [
            0.76953125,
            0.6318359375,
            0.455078125
        ],
        [
            0.76904296875,
            0.63232421875,
            0.455078125
        ],
        [
            0.76904296875,
            0.63232421875,
            0.455322265625
        ],
        [
            0.77001953125,
            0.6318359375,
            0.455078125
        ],
        [
            0.7705078125,
            0.6318359375,
            0.455322265625
        ],
        [
            0.76953125,
            0.6318359375,
            0.455322265625
        ],
        [
            0.76953125,
            0.6318359375,
            0.454345703125
        ],
        [
            0.77001953125,
            0.6318359375,
            0.455322265625
        ],
        [
            0.76953125,
            0.6318359375,
            0.455322265625
        ],
        [
            0.7705078125,
            0.6318359375,
            0.455078125
        ],
        [
            0.76953125,
            0.63232421875,
            0.45556640625
        ],
        [
            0.76953125,
            0.6318359375,
            0.455078125
        ],
        [
            0.77001953125,
            0.6318359375,
            0.455078125
        ],
        [
            0.76953125,
            0.6318359375,
            0.454833984375
        ],
        [
            0.76904296875,
            0.63232421875,
            0.455322265625
        ],
        [
            0.76953125,
            0.6318359375,
            0.45458984375
        ],
        [
            0.76953125,
            0.63232421875,
            0.455078125
        ],
        [
            0.76953125,
            0.63232421875,
            0.455810546875
        ],
        [
            0.76904296875,
            0.63232421875,
            0.455322265625
        ],
        [
            0.77001953125,
            0.6318359375,
            0.455322265625
        ],
        [
            0.76953125,
            0.6318359375,
            0.454833984375
        ],
        [
            0.77001953125,
            0.6318359375,
            0.45556640625
        ],
        [
            0.7705078125,
            0.63232421875,
            0.455810546875
        ],
        [
            0.76953125,
            0.6318359375,
            0.455078125
        ],
        [
            0.76953125,
            0.6318359375,
            0.45556640625
        ],
        [
            0.7705078125,
            0.6328125,
            0.4560546875
        ],
        [
            0.76953125,
            0.6318359375,
            0.455078125
        ],
        [
            0.76953125,
            0.6318359375,
            0.455078125
        ],
        [
            0.76953125,
            0.63232421875,
            0.455078125
        ],
        [
            0.77001953125,
            0.63232421875,
            0.455078125
        ],
        [
            0.76953125,
            0.63134765625,
            0.454833984375
        ]
    ],