{
  "model": "ViT + Mean Pooling",
  "thresholds": {
    "NCR": 0.5,
    "ED": 0.5,
    "ET": 0.4
  },
  "accuracy": 0.725,
  "auroc": {
    "NCR": 0.7818181818181819,
    "ED": 0.8805031446540881,
    "ET": NaN
  },
  "macro_auroc": NaN,
  "log_loss": {
    "NCR": 0.7123124309795806,
    "ED": 0.600647031264873,
    "ET": null
  },
  "mean_log_loss": 0.6564797311222268,
  "all_probs": [
    [
      0.5040001273155212,
      0.43969082832336426,
      0.5469964146614075
    ],
    [
      0.47158539295196533,
      0.4712732434272766,
      0.5756540298461914
    ],
    [
      0.4866916239261627,
      0.5712966322898865,
      0.5637980699539185
    ],
    [
      0.49395933747291565,
      0.6258673667907715,
      0.5215882658958435
    ],
    [
      0.48693645000457764,
      0.4703737497329712,
      0.5613600611686707
    ],
    [
      0.4967378079891205,
      0.5306517481803894,
      0.525932788848877
    ],
    [
      0.4928266406059265,
      0.6390110850334167,
      0.53215491771698
    ],
    [
      0.500741720199585,
      0.6477662324905396,
      0.5378389954566956
    ],
    [
      0.49667486548423767,
      0.6086351871490479,
      0.5379217863082886
    ],
    [
      0.49360212683677673,
      0.6326525807380676,
      0.5248458385467529
    ],
    [
      0.48853859305381775,
      0.5848495960235596,
      0.5466722249984741
    ],
    [
      0.47734710574150085,
      0.5830815434455872,
      0.5535084009170532
    ],
    [
      0.49497461318969727,
      0.5172283053398132,
      0.5163695812225342
    ],
    [
      0.49416378140449524,
      0.47607114911079407,
      0.5355361104011536
    ],
    [
      0.48988091945648193,
      0.5332070589065552,
      0.5425267815589905
    ],
    [
      0.4933646321296692,
      0.6270068883895874,
      0.519355833530426
    ],
    [
      0.49538618326187134,
      0.5525424480438232,
      0.5405367612838745
    ],
    [
      0.4663274586200714,
      0.5007768869400024,
      0.6013880372047424
    ],
    [
      0.4973992109298706,
      0.5061234831809998,
      0.5624500513076782
    ],
    [
      0.495559424161911,
      0.6261812448501587,
      0.5391227006912231
    ],
    [
      0.47552406787872314,
      0.5148842930793762,
      0.5913097262382507
    ],
    [
      0.49464258551597595,
      0.6194003224372864,
      0.5492339730262756
    ],
    [
      0.49329978227615356,
      0.6194286346435547,
      0.54292893409729
    ],
    [
      0.4700791835784912,
      0.4995020925998688,
      0.5869408249855042
    ],
    [
      0.500613272190094,
      0.638812243938446,
      0.5359182953834534
    ],
    [
      0.4973997473716736,
      0.6421275734901428,
      0.5300086736679077
    ],
    [
      0.5035560131072998,
      0.5620546936988831,
      0.546205461025238
    ],
    [
      0.49358701705932617,
      0.6088482141494751,
      0.5299309492111206
    ],
    [
      0.49097222089767456,
      0.4550657272338867,
      0.5619279146194458
    ],
    [
      0.5010673403739929,
      0.5811882615089417,
      0.5140138268470764
    ],
    [
      0.49136507511138916,
      0.6374083161354065,
      0.5187340974807739
    ],
    [
      0.5012604594230652,
      0.4373829662799835,
      0.5706936120986938
    ],
    [
      0.49870067834854126,
      0.6017428040504456,
      0.5234116911888123
    ],
    [
      0.4858434498310089,
      0.5001211166381836,
      0.5448993444442749
    ],
    [
      0.4852609932422638,
      0.4288589358329773,
      0.5552586913108826
    ],
    [
      0.4879468083381653,
      0.6078405380249023,
      0.5353431105613708
    ],
    [
      0.4814820885658264,
      0.5304678678512573,
      0.5626052618026733
    ],
    [
      0.4775059223175049,
      0.47258856892585754,
      0.5870615243911743
    ],
    [
      0.49144867062568665,
      0.517778217792511,
      0.5506460070610046
    ],
    [
      0.49398091435432434,
      0.4599587917327881,
      0.5659430623054504
    ],
    [
      0.4855175316333771,
      0.6089302897453308,
      0.5379030704498291
    ],
    [
      0.4795776307582855,
      0.4661785662174225,
      0.58525151014328
    ],
    [
      0.4929671585559845,
      0.634568452835083,
      0.5262729525566101
    ],
    [
      0.486857533454895,
      0.5607736110687256,
      0.5561540722846985
    ],
    [
      0.5013529062271118,
      0.609914243221283,
      0.5394587516784668
    ],
    [
      0.4805297553539276,
      0.5091147422790527,
      0.5595981478691101
    ],
    [
      0.482450932264328,
      0.553974986076355,
      0.5578099489212036
    ],
    [
      0.48945027589797974,
      0.6335858106613159,
      0.525479257106781
    ],
    [
      0.49116241931915283,
      0.5871200561523438,
      0.5484675168991089
    ],
    [
      0.49447745084762573,
      0.5191118121147156,
      0.5716288089752197
    ],
    [
      0.49820154905319214,
      0.5385451316833496,
      0.5318151116371155
    ],
    [
      0.4844825565814972,
      0.447022944688797,
      0.5947306752204895
    ],
    [
      0.5024048686027527,
      0.5537258386611938,
      0.5329343676567078
    ],
    [
      0.4775976836681366,
      0.5198854804039001,
      0.5954834222793579
    ],
    [
      0.47958219051361084,
      0.4277813732624054,
      0.6044813990592957
    ],
    [
      0.47971010208129883,
      0.46235865354537964,
      0.5893357992172241
    ]
  ],
  "all_preds": [
    [
      1.0,
      0.0,
      1.0
    ],
    [
      0.0,
      0.0,
      1.0
    ],
    [
      0.0,
      1.0,
      1.0
    ],
    [
      0.0,
      1.0,
      1.0
    ],
    [
      0.0,
      0.0,
      1.0
    ],
    [
      0.0,
      1.0,
      1.0
    ],
    [
      0.0,
      1.0,
      1.0
    ],
    [
      1.0,
      1.0,
      1.0
    ],
    [
      0.0,
      1.0,
      1.0
    ],
    [
      0.0,
      1.0,
      1.0
    ],
    [
      0.0,
      1.0,
      1.0
    ],
    [
      0.0,
      1.0,
      1.0
    ],
    [
      0.0,
      1.0,
      1.0
    ],
    [
      0.0,
      0.0,
      1.0
    ],
    [
      0.0,
      1.0,
      1.0
    ],
    [
      0.0,
      1.0,
      1.0
    ],
    [
      0.0,
      1.0,
      1.0
    ],
    [
      0.0,
      1.0,
      1.0
    ],
    [
      0.0,
      1.0,
      1.0
    ],
    [
      0.0,
      1.0,
      1.0
    ],
    [
      0.0,
      1.0,
      1.0
    ],
    [
      0.0,
      1.0,
      1.0
    ],
    [
      0.0,
      1.0,
      1.0
    ],
    [
      0.0,
      0.0,
      1.0
    ],
    [
      1.0,
      1.0,
      1.0
    ],
    [
      0.0,
      1.0,
      1.0
    ],
    [
      1.0,
      1.0,
      1.0
    ],
    [
      0.0,
      1.0,
      1.0
    ],
    [
      0.0,
      0.0,
      1.0
    ],
    [
      1.0,
      1.0,
      1.0
    ],
    [
      0.0,
      1.0,
      1.0
    ],
    [
      1.0,
      0.0,
      1.0
    ],
    [
      0.0,
      1.0,
      1.0
    ],
    [
      0.0,
      1.0,
      1.0
    ],
    [
      0.0,
      0.0,
      1.0
    ],
    [
      0.0,
      1.0,
      1.0
    ],
    [
      0.0,
      1.0,
      1.0
    ],
    [
      0.0,
      0.0,
      1.0
    ],
    [
      0.0,
      1.0,
      1.0
    ],
    [
      0.0,
      0.0,
      1.0
    ],
    [
      0.0,
      1.0,
      1.0
    ],
    [
      0.0,
      0.0,
      1.0
    ],
    [
      0.0,
      1.0,
      1.0
    ],
    [
      0.0,
      1.0,
      1.0
    ],
    [
      1.0,
      1.0,
      1.0
    ],
    [
      0.0,
      1.0,
      1.0
    ],
    [
      0.0,
      1.0,
      1.0
    ],
    [
      0.0,
      1.0,
      1.0
    ],
    [
      0.0,
      1.0,
      1.0
    ],
    [
      0.0,
      1.0,
      1.0
    ],
    [
      0.0,
      1.0,
      1.0
    ],
    [
      0.0,
      0.0,
      1.0
    ],
    [
      1.0,
      1.0,
      1.0
    ],
    [
      0.0,
      1.0,
      1.0
    ],
    [
      0.0,
      0.0,
      1.0
    ],
    [
      0.0,
      0.0,
      1.0
    ]
  ],